element_type,defender,attacker,points_per_game,ict_index_pg,influence_pg,creativity_pg,threat_pg,bps_pg,form,ep_next,points_pg_last5,ict_index_pg_last5,bps_pg_last5,influence_pg_last5,creativity_pg_last5,threat_pg_last5,fixture_difficulty,is_home,opp_GS_pg,opp_GA_pg,opp_GS_last5_pg,opp_GA_last5_pg,opp_total_points_conceded_pg_atk,opp_total_points_conceded_pg_def,opp_total_points_conceded_pg_atk_last5,opp_total_points_conceded_pg_def_last5,opp_ict_index_conceded_pg_atk,opp_ict_index_conceded_pg_def,opp_ict_index_conceded_pg_atk_last5,opp_ict_index_conceded_pg_def_last5,opp_influence_conceded_pg_atk,opp_influence_conceded_pg_def,opp_influence_conceded_pg_atk_last5,opp_influence_conceded_pg_def_last5,opp_creativity_conceded_pg_atk,opp_creativity_conceded_pg_def,opp_creativity_conceded_pg_atk_last5,opp_creativity_conceded_pg_def_last5,opp_threat_conceded_pg_atk,opp_threat_conceded_pg_def,opp_threat_conceded_pg_atk_last5,opp_threat_conceded_pg_def_last5,opp_bps_conceded_pg_atk,opp_bps_conceded_pg_def,opp_bps_conceded_pg_atk_last5,opp_bps_conceded_pg_def_last5,next_points
2,1,0,3.0,3.48,19.62,3.77,11.27,17.18,2.3,3.3,2.0,2.9,16.0,16.9,6.72,5.25,2,1,1.1,1.3,0.6,0.6,22.9,19.2,13.6,27.4,35.0,15.4,24.2,15.9,110.0,101.4,62.7,91.3,100.4,31.1,84.1,34.1,140.3,21.9,95.6,33.8,84.9,90.9,48.8,102.0,1
2,1,0,3.0,2.35,14.13,3.86,5.27,13.91,2.7,3.7,2.0,1.56,10.2,9.12,1.52,4.8,2,1,1.1,1.3,0.6,0.6,22.9,19.2,13.6,27.4,35.0,15.4,24.2,15.9,110.0,101.4,62.7,91.3,100.4,31.1,84.1,34.1,140.3,21.9,95.6,33.8,84.9,90.9,48.8,102.0,7
2,1,0,1.9,2.27,10.85,8.41,3.53,12.79,0.7,1.7,1.0,0.63,8.0,5.4,1.17,0.0,2,1,1.1,1.3,0.6,0.6,22.9,19.2,13.6,27.4,35.0,15.4,24.2,15.9,110.0,101.4,62.7,91.3,100.4,31.1,84.1,34.1,140.3,21.9,95.6,33.8,84.9,90.9,48.8,102.0,6
2,1,0,2.8,1.8,16.1,0.4,1.5,14.25,3.0,4.0,4.5,2.8,22.0,25.5,0.6,2.0,2,1,1.1,1.3,0.6,0.6,22.9,19.2,13.6,27.4,35.0,15.4,24.2,15.9,110.0,101.4,62.7,91.3,100.4,31.1,84.1,34.1,140.3,21.9,95.6,33.8,84.9,90.9,48.8,102.0,1
4,0,1,5.4,7.78,26.31,13.8,37.79,21.0,2.0,3.0,4.2,6.44,16.6,20.8,11.4,32.6,2,1,1.1,1.3,0.6,0.6,22.9,19.2,13.6,27.4,35.0,15.4,24.2,15.9,110.0,101.4,62.7,91.3,100.4,31.1,84.1,34.1,140.3,21.9,95.6,33.8,84.9,90.9,48.8,102.0,16
4,0,1,3.7,6.15,16.97,12.77,31.7,12.74,2.0,3.0,3.25,3.62,12.0,11.05,4.6,20.5,2,1,1.1,1.3,0.6,0.6,22.9,19.2,13.6,27.4,35.0,15.4,24.2,15.9,110.0,101.4,62.7,91.3,100.4,31.1,84.1,34.1,140.3,21.9,95.6,33.8,84.9,90.9,48.8,102.0,2
3,0,1,2.1,2.82,14.31,10.2,3.54,12.62,1.3,2.3,2.25,1.37,10.25,7.3,4.65,1.75,2,1,1.1,1.3,0.6,0.6,22.9,19.2,13.6,27.4,35.0,15.4,24.2,15.9,110.0,101.4,62.7,91.3,100.4,31.1,84.1,34.1,140.3,21.9,95.6,33.8,84.9,90.9,48.8,102.0,10
1,1,0,4.5,2.55,25.2,0.0,0.0,18.0,3.0,4.0,4.5,2.55,18.0,25.2,0.0,0.0,2,1,1.1,1.3,0.6,0.6,22.9,19.2,13.6,27.4,35.0,15.4,24.2,15.9,110.0,101.4,62.7,91.3,100.4,31.1,84.1,34.1,140.3,21.9,95.6,33.8,84.9,90.9,48.8,102.0,5
3,0,1,2.5,3.79,14.28,17.56,6.06,12.29,2.3,3.3,2.4,3.16,13.4,15.4,14.82,1.4,2,1,1.1,1.3,0.6,0.6,22.9,19.2,13.6,27.4,35.0,15.4,24.2,15.9,110.0,101.4,62.7,91.3,100.4,31.1,84.1,34.1,140.3,21.9,95.6,33.8,84.9,90.9,48.8,102.0,3
3,0,1,1.6,2.38,4.72,7.99,11.17,5.75,0.7,1.7,1.5,0.45,6.5,1.7,0.45,2.5,2,1,1.1,1.3,0.6,0.6,22.9,19.2,13.6,27.4,35.0,15.4,24.2,15.9,110.0,101.4,62.7,91.3,100.4,31.1,84.1,34.1,140.3,21.9,95.6,33.8,84.9,90.9,48.8,102.0,1
3,0,1,1.5,2.16,6.85,6.52,8.14,5.9,3.0,4.0,4.5,4.55,14.5,24.7,2.0,18.5,2,1,1.1,1.3,0.6,0.6,22.9,19.2,13.6,27.4,35.0,15.4,24.2,15.9,110.0,101.4,62.7,91.3,100.4,31.1,84.1,34.1,140.3,21.9,95.6,33.8,84.9,90.9,48.8,102.0,1
2,1,0,1.9,2.54,10.42,10.99,3.88,12.62,3.3,4.3,3.33,1.33,16.67,9.13,4.27,0.0,2,1,1.1,1.3,0.6,0.6,22.9,19.2,13.6,27.4,35.0,15.4,24.2,15.9,110.0,101.4,62.7,91.3,100.4,31.1,84.1,34.1,140.3,21.9,95.6,33.8,84.9,90.9,48.8,102.0,6
2,1,0,2.1,4.1,22.49,2.31,16.21,12.21,4.7,3.7,3.75,7.07,15.0,23.75,2.82,44.25,3,1,1.6,1.3,1.4,1.4,22.3,14.8,22.8,11.6,40.4,19.1,38.7,17.6,117.9,114.2,112.2,108.3,120.5,44.3,112.2,39.7,166.4,32.6,162.2,27.4,88.6,86.3,90.4,73.8,2
1,1,0,2.2,1.58,15.7,0.0,0.0,13.5,3.3,2.3,3.33,1.23,15.67,12.4,0.0,0.0,3,1,1.6,1.3,1.4,1.4,22.3,14.8,22.8,11.6,40.4,19.1,38.7,17.6,117.9,114.2,112.2,108.3,120.5,44.3,112.2,39.7,166.4,32.6,162.2,27.4,88.6,86.3,90.4,73.8,2
3,0,1,3.0,4.62,14.5,20.5,11.24,11.95,3.3,2.3,2.4,6.0,10.4,12.52,35.72,11.6,3,1,1.6,1.3,1.4,1.4,22.3,14.8,22.8,11.6,40.4,19.1,38.7,17.6,117.9,114.2,112.2,108.3,120.5,44.3,112.2,39.7,166.4,32.6,162.2,27.4,88.6,86.3,90.4,73.8,1
3,0,1,4.3,8.2,24.78,35.2,22.1,17.38,2.0,1.0,1.8,4.2,6.8,9.24,25.7,7.2,3,1,1.6,1.3,1.4,1.4,22.3,14.8,22.8,11.6,40.4,19.1,38.7,17.6,117.9,114.2,112.2,108.3,120.5,44.3,112.2,39.7,166.4,32.6,162.2,27.4,88.6,86.3,90.4,73.8,2
3,0,1,1.5,2.3,2.02,4.63,16.73,2.64,1.7,0.7,1.5,3.08,0.0,0.85,6.25,24.25,3,1,1.6,1.3,1.4,1.4,22.3,14.8,22.8,11.6,40.4,19.1,38.7,17.6,117.9,114.2,112.2,108.3,120.5,44.3,112.2,39.7,166.4,32.6,162.2,27.4,88.6,86.3,90.4,73.8,2
2,1,0,2.5,3.2,24.86,2.91,4.15,16.54,3.3,2.3,2.2,2.4,17.0,23.44,0.54,0.0,3,1,1.6,1.3,1.4,1.4,22.3,14.8,22.8,11.6,40.4,19.1,38.7,17.6,117.9,114.2,112.2,108.3,120.5,44.3,112.2,39.7,166.4,32.6,162.2,27.4,88.6,86.3,90.4,73.8,1
2,1,0,2.2,2.84,16.28,5.65,6.39,13.61,3.0,2.0,2.25,2.3,12.0,11.25,10.82,1.0,3,1,1.6,1.3,1.4,1.4,22.3,14.8,22.8,11.6,40.4,19.1,38.7,17.6,117.9,114.2,112.2,108.3,120.5,44.3,112.2,39.7,166.4,32.6,162.2,27.4,88.6,86.3,90.4,73.8,1
3,0,1,2.6,3.43,14.74,7.85,11.66,11.14,1.7,0.7,1.8,2.08,8.8,13.52,6.86,0.4,3,1,1.6,1.3,1.4,1.4,22.3,14.8,22.8,11.6,40.4,19.1,38.7,17.6,117.9,114.2,112.2,108.3,120.5,44.3,112.2,39.7,166.4,32.6,162.2,27.4,88.6,86.3,90.4,73.8,2
3,0,1,1.6,2.01,12.23,6.9,1.04,11.26,1.0,0.0,1.75,0.85,9.75,7.65,0.97,0.0,3,1,1.6,1.3,1.4,1.4,22.3,14.8,22.8,11.6,40.4,19.1,38.7,17.6,117.9,114.2,112.2,108.3,120.5,44.3,112.2,39.7,166.4,32.6,162.2,27.4,88.6,86.3,90.4,73.8,2
4,0,1,2.6,4.87,9.23,11.08,28.17,8.17,1.3,0.3,2.0,1.6,3.75,2.9,4.65,8.25,3,1,1.6,1.3,1.4,1.4,22.3,14.8,22.8,11.6,40.4,19.1,38.7,17.6,117.9,114.2,112.2,108.3,120.5,44.3,112.2,39.7,166.4,32.6,162.2,27.4,88.6,86.3,90.4,73.8,2
2,1,0,2.0,2.85,20.79,2.07,5.5,13.54,0.5,0.0,0.6,2.0,9.0,13.0,2.38,4.4,3,1,1.1,1.7,1.0,1.8,26.2,19.3,27.4,26.0,39.7,19.4,43.8,19.5,131.0,110.7,144.3,106.8,113.8,48.0,127.5,59.5,152.4,34.8,165.8,28.4,104.0,96.3,119.4,109.0,0
2,1,0,2.8,4.02,24.2,3.23,12.76,17.56,1.5,1.0,1.25,4.75,16.0,28.8,3.15,15.5,3,1,1.1,1.7,1.0,1.8,26.2,19.3,27.4,26.0,39.7,19.4,43.8,19.5,131.0,110.7,144.3,106.8,113.8,48.0,127.5,59.5,152.4,34.8,165.8,28.4,104.0,96.3,119.4,109.0,2
2,1,0,2.0,2.6,13.44,7.96,4.65,13.0,1.0,0.5,0.6,2.2,8.0,10.96,10.1,0.8,3,1,1.1,1.7,1.0,1.8,26.2,19.3,27.4,26.0,39.7,19.4,43.8,19.5,131.0,110.7,144.3,106.8,113.8,48.0,127.5,59.5,152.4,34.8,165.8,28.4,104.0,96.3,119.4,109.0,0
2,1,0,1.0,0.4,1.8,0.3,2.0,3.0,0.5,0.0,1.0,0.4,3.0,1.8,0.3,2.0,3,1,1.1,1.7,1.0,1.8,26.2,19.3,27.4,26.0,39.7,19.4,43.8,19.5,131.0,110.7,144.3,106.8,113.8,48.0,127.5,59.5,152.4,34.8,165.8,28.4,104.0,96.3,119.4,109.0,-1
4,0,1,3.5,5.12,15.91,15.66,19.75,11.25,0.5,0.0,3.67,5.23,16.33,17.93,21.63,13.33,3,1,1.1,1.7,1.0,1.8,26.2,19.3,27.4,26.0,39.7,19.4,43.8,19.5,131.0,110.7,144.3,106.8,113.8,48.0,127.5,59.5,152.4,34.8,165.8,28.4,104.0,96.3,119.4,109.0,2
4,0,1,1.7,2.57,4.25,6.3,15.08,3.15,1.0,0.5,1.0,0.45,2.5,2.8,0.93,0.75,3,1,1.1,1.7,1.0,1.8,26.2,19.3,27.4,26.0,39.7,19.4,43.8,19.5,131.0,110.7,144.3,106.8,113.8,48.0,127.5,59.5,152.4,34.8,165.8,28.4,104.0,96.3,119.4,109.0,2
3,0,1,1.5,3.8,8.7,28.3,1.0,5.0,1.5,1.0,1.5,3.8,5.0,8.7,28.3,1.0,3,1,1.1,1.7,1.0,1.8,26.2,19.3,27.4,26.0,39.7,19.4,43.8,19.5,131.0,110.7,144.3,106.8,113.8,48.0,127.5,59.5,152.4,34.8,165.8,28.4,104.0,96.3,119.4,109.0,2
3,0,1,1.6,1.67,7.83,6.66,2.23,7.55,1.5,1.0,1.75,2.43,10.25,12.1,10.75,1.25,3,1,1.1,1.7,1.0,1.8,26.2,19.3,27.4,26.0,39.7,19.4,43.8,19.5,131.0,110.7,144.3,106.8,113.8,48.0,127.5,59.5,152.4,34.8,165.8,28.4,104.0,96.3,119.4,109.0,1
3,0,1,2.0,2.35,13.41,5.63,4.62,11.5,2.0,1.5,4.0,4.15,16.5,22.15,4.8,14.5,3,1,1.1,1.7,1.0,1.8,26.2,19.3,27.4,26.0,39.7,19.4,43.8,19.5,131.0,110.7,144.3,106.8,113.8,48.0,127.5,59.5,152.4,34.8,165.8,28.4,104.0,96.3,119.4,109.0,2
3,0,1,2.2,3.62,18.04,7.34,10.75,11.36,0.5,0.0,1.75,3.27,9.75,8.4,10.98,13.25,3,1,1.1,1.7,1.0,1.8,26.2,19.3,27.4,26.0,39.7,19.4,43.8,19.5,131.0,110.7,144.3,106.8,113.8,48.0,127.5,59.5,152.4,34.8,165.8,28.4,104.0,96.3,119.4,109.0,1
3,0,1,1.8,2.22,5.04,6.11,11.18,5.09,1.0,0.5,1.0,1.95,0.5,5.0,13.7,1.5,3,1,1.1,1.7,1.0,1.8,26.2,19.3,27.4,26.0,39.7,19.4,43.8,19.5,131.0,110.7,144.3,106.8,113.8,48.0,127.5,59.5,152.4,34.8,165.8,28.4,104.0,96.3,119.4,109.0,2
1,1,0,3.3,2.61,25.75,0.33,0.0,17.93,1.5,1.0,2.0,2.46,15.4,24.92,0.0,0.0,3,1,1.1,1.7,1.0,1.8,26.2,19.3,27.4,26.0,39.7,19.4,43.8,19.5,131.0,110.7,144.3,106.8,113.8,48.0,127.5,59.5,152.4,34.8,165.8,28.4,104.0,96.3,119.4,109.0,1
2,1,0,2.6,2.44,16.61,1.84,6.0,12.88,2.5,1.5,4.0,4.65,19.5,23.2,5.0,18.0,4,0,1.4,1.3,1.4,1.4,25.6,15.2,37.0,19.6,41.4,17.4,54.1,17.8,129.2,94.8,166.8,98.8,126.6,41.3,167.0,44.8,158.2,38.0,207.8,34.2,98.1,83.7,138.8,104.8,1
2,1,0,2.5,3.49,13.58,14.0,7.21,12.38,0.5,-0.5,2.33,3.73,11.33,12.4,23.33,1.33,4,0,1.4,1.3,1.4,1.4,25.6,15.2,37.0,19.6,41.4,17.4,54.1,17.8,129.2,94.8,166.8,98.8,126.6,41.3,167.0,44.8,158.2,38.0,207.8,34.2,98.1,83.7,138.8,104.8,1
2,1,0,3.7,4.39,23.61,5.13,15.14,19.34,8.0,7.0,5.0,6.26,20.6,26.96,4.64,30.8,4,0,1.4,1.3,1.4,1.4,25.6,15.2,37.0,19.6,41.4,17.4,54.1,17.8,129.2,94.8,166.8,98.8,126.6,41.3,167.0,44.8,158.2,38.0,207.8,34.2,98.1,83.7,138.8,104.8,1
1,1,0,3.6,2.75,27.48,0.0,0.0,20.0,4.5,3.5,4.0,2.28,19.0,22.72,0.0,0.0,4,0,1.4,1.3,1.4,1.4,25.6,15.2,37.0,19.6,41.4,17.4,54.1,17.8,129.2,94.8,166.8,98.8,126.6,41.3,167.0,44.8,158.2,38.0,207.8,34.2,98.1,83.7,138.8,104.8,2
3,0,1,1.5,2.02,8.99,6.0,5.27,7.93,1.5,0.5,1.8,2.28,10.8,13.88,5.74,3.0,4,0,1.4,1.3,1.4,1.4,25.6,15.2,37.0,19.6,41.4,17.4,54.1,17.8,129.2,94.8,166.8,98.8,126.6,41.3,167.0,44.8,158.2,38.0,207.8,34.2,98.1,83.7,138.8,104.8,2
3,0,1,2.4,3.98,17.04,14.05,8.75,14.25,1.5,0.5,1.8,3.34,12.8,17.04,14.42,2.2,4,0,1.4,1.3,1.4,1.4,25.6,15.2,37.0,19.6,41.4,17.4,54.1,17.8,129.2,94.8,166.8,98.8,126.6,41.3,167.0,44.8,158.2,38.0,207.8,34.2,98.1,83.7,138.8,104.8,1
3,0,1,2.0,2.76,14.3,9.94,3.35,12.92,1.5,0.5,1.33,1.67,5.67,5.47,10.63,0.33,4,0,1.4,1.3,1.4,1.4,25.6,15.2,37.0,19.6,41.4,17.4,54.1,17.8,129.2,94.8,166.8,98.8,126.6,41.3,167.0,44.8,158.2,38.0,207.8,34.2,98.1,83.7,138.8,104.8,2
3,0,1,3.1,4.77,12.7,20.11,15.0,11.4,1.5,0.5,1.8,2.0,5.8,3.24,13.26,3.4,4,0,1.4,1.3,1.4,1.4,25.6,15.2,37.0,19.6,41.4,17.4,54.1,17.8,129.2,94.8,166.8,98.8,126.6,41.3,167.0,44.8,158.2,38.0,207.8,34.2,98.1,83.7,138.8,104.8,1
2,1,0,2.4,3.2,17.93,10.29,3.85,14.41,3.5,2.5,3.2,2.76,14.4,18.36,8.08,1.2,4,0,1.4,1.3,1.4,1.4,25.6,15.2,37.0,19.6,41.4,17.4,54.1,17.8,129.2,94.8,166.8,98.8,126.6,41.3,167.0,44.8,158.2,38.0,207.8,34.2,98.1,83.7,138.8,104.8,1
4,0,1,3.6,6.87,15.0,9.26,44.53,10.13,4.0,3.0,4.2,6.82,11.6,18.6,6.66,43.0,4,0,1.4,1.3,1.4,1.4,25.6,15.2,37.0,19.6,41.4,17.4,54.1,17.8,129.2,94.8,166.8,98.8,126.6,41.3,167.0,44.8,158.2,38.0,207.8,34.2,98.1,83.7,138.8,104.8,1
4,0,1,2.5,3.31,6.38,4.91,22.22,6.17,3.0,2.0,2.33,3.43,8.0,7.93,8.5,17.67,4,0,1.4,1.3,1.4,1.4,25.6,15.2,37.0,19.6,41.4,17.4,54.1,17.8,129.2,94.8,166.8,98.8,126.6,41.3,167.0,44.8,158.2,38.0,207.8,34.2,98.1,83.7,138.8,104.8,2
2,1,0,3.5,1.9,17.2,1.3,0.0,33.0,3.0,2.0,6.0,1.9,25.0,17.2,1.3,0.0,4,0,1.4,1.3,1.4,1.4,25.6,15.2,37.0,19.6,41.4,17.4,54.1,17.8,129.2,94.8,166.8,98.8,126.6,41.3,167.0,44.8,158.2,38.0,207.8,34.2,98.1,83.7,138.8,104.8,0
3,0,1,1.0,0.87,1.33,0.57,6.67,4.0,1.0,0.0,1.0,0.87,4.0,1.33,0.57,6.67,4,0,1.4,1.3,1.4,1.4,25.6,15.2,37.0,19.6,41.4,17.4,54.1,17.8,129.2,94.8,166.8,98.8,126.6,41.3,167.0,44.8,158.2,38.0,207.8,34.2,98.1,83.7,138.8,104.8,2
2,1,0,3.1,3.41,19.5,3.41,11.13,16.48,4.0,4.0,4.0,2.76,16.2,15.48,2.28,9.8,2,0,1.0,1.0,0.4,1.4,21.4,17.4,22.2,22.4,30.0,15.0,30.1,16.2,92.3,93.9,102.4,98.8,99.2,30.7,84.0,32.0,108.9,24.6,113.4,31.0,84.1,87.9,83.6,93.8,15
2,1,0,3.5,3.65,22.74,3.94,9.74,17.71,3.0,3.0,3.8,3.34,20.6,23.52,6.6,3.2,2,0,1.0,1.0,0.4,1.4,21.4,17.4,22.2,22.4,30.0,15.0,30.1,16.2,92.3,93.9,102.4,98.8,99.2,30.7,84.0,32.0,108.9,24.6,113.4,31.0,84.1,87.9,83.6,93.8,5
2,1,0,3.2,2.62,14.46,10.66,1.0,15.37,3.0,3.0,3.8,2.5,18.2,16.16,7.7,1.2,2,0,1.0,1.0,0.4,1.4,21.4,17.4,22.2,22.4,30.0,15.0,30.1,16.2,92.3,93.9,102.4,98.8,99.2,30.7,84.0,32.0,108.9,24.6,113.4,31.0,84.1,87.9,83.6,93.8,7
4,0,1,2.5,3.05,10.05,5.78,14.58,7.42,2.0,2.0,2.4,4.6,7.0,12.0,10.82,23.0,2,0,1.0,1.0,0.4,1.4,21.4,17.4,22.2,22.4,30.0,15.0,30.1,16.2,92.3,93.9,102.4,98.8,99.2,30.7,84.0,32.0,108.9,24.6,113.4,31.0,84.1,87.9,83.6,93.8,2
1,1,0,4.5,2.38,22.81,0.98,0.06,20.65,5.0,5.0,6.2,2.02,22.4,20.36,0.0,0.0,2,0,1.0,1.0,0.4,1.4,21.4,17.4,22.2,22.4,30.0,15.0,30.1,16.2,92.3,93.9,102.4,98.8,99.2,30.7,84.0,32.0,108.9,24.6,113.4,31.0,84.1,87.9,83.6,93.8,9
3,0,1,3.4,5.17,17.43,24.18,10.1,14.03,3.5,3.5,5.6,6.46,18.2,28.12,26.5,10.0,2,0,1.0,1.0,0.4,1.4,21.4,17.4,22.2,22.4,30.0,15.0,30.1,16.2,92.3,93.9,102.4,98.8,99.2,30.7,84.0,32.0,108.9,24.6,113.4,31.0,84.1,87.9,83.6,93.8,3
3,0,1,3.4,4.31,16.84,21.99,4.32,15.79,2.5,2.5,2.4,3.24,13.8,11.16,18.92,2.4,2,0,1.0,1.0,0.4,1.4,21.4,17.4,22.2,22.4,30.0,15.0,30.1,16.2,92.3,93.9,102.4,98.8,99.2,30.7,84.0,32.0,108.9,24.6,113.4,31.0,84.1,87.9,83.6,93.8,6
3,0,1,2.3,2.82,10.69,6.79,10.72,10.24,2.5,2.5,2.4,2.96,10.8,13.2,6.28,10.0,2,0,1.0,1.0,0.4,1.4,21.4,17.4,22.2,22.4,30.0,15.0,30.1,16.2,92.3,93.9,102.4,98.8,99.2,30.7,84.0,32.0,108.9,24.6,113.4,31.0,84.1,87.9,83.6,93.8,3
2,1,0,2.6,2.46,14.28,9.02,1.47,13.53,1.0,1.0,1.0,0.35,2.0,2.1,0.3,1.0,2,0,1.0,1.0,0.4,1.4,21.4,17.4,22.2,22.4,30.0,15.0,30.1,16.2,92.3,93.9,102.4,98.8,99.2,30.7,84.0,32.0,108.9,24.6,113.4,31.0,84.1,87.9,83.6,93.8,6
3,0,1,1.7,0.8,2.8,1.87,3.33,4.0,2.0,2.0,1.67,0.8,4.0,2.8,1.87,3.33,2,0,1.0,1.0,0.4,1.4,21.4,17.4,22.2,22.4,30.0,15.0,30.1,16.2,92.3,93.9,102.4,98.8,99.2,30.7,84.0,32.0,108.9,24.6,113.4,31.0,84.1,87.9,83.6,93.8,3
2,1,0,6.2,6.6,25.34,19.69,21.08,21.92,1.5,2.5,6.6,8.34,20.8,30.24,21.4,31.8,3,0,1.2,1.7,1.2,1.2,26.7,15.9,24.8,18.6,39.2,16.8,34.8,14.1,136.9,108.2,116.6,98.5,107.1,31.4,88.8,23.4,147.7,27.7,142.2,18.4,102.4,83.2,89.8,83.2,1
2,1,0,3.1,3.55,20.11,3.27,12.07,17.13,2.0,3.0,2.5,1.75,15.25,10.85,4.5,2.0,3,0,1.2,1.7,1.2,1.2,26.7,15.9,24.8,18.6,39.2,16.8,34.8,14.1,136.9,108.2,116.6,98.5,107.1,31.4,88.8,23.4,147.7,27.7,142.2,18.4,102.4,83.2,89.8,83.2,1
2,1,0,3.5,5.67,25.12,18.33,13.17,18.69,6.5,7.5,4.4,5.64,22.8,27.64,18.98,9.8,3,0,1.2,1.7,1.2,1.2,26.7,15.9,24.8,18.6,39.2,16.8,34.8,14.1,136.9,108.2,116.6,98.5,107.1,31.4,88.8,23.4,147.7,27.7,142.2,18.4,102.4,83.2,89.8,83.2,1
2,1,0,1.5,2.68,17.26,3.84,5.65,15.35,2.0,3.0,1.25,3.97,17.75,21.15,7.33,11.25,3,0,1.2,1.7,1.2,1.2,26.7,15.9,24.8,18.6,39.2,16.8,34.8,14.1,136.9,108.2,116.6,98.5,107.1,31.4,88.8,23.4,147.7,27.7,142.2,18.4,102.4,83.2,89.8,83.2,1
1,1,0,2.7,1.54,15.41,0.0,0.0,15.3,2.5,3.5,3.67,1.37,16.67,13.73,0.0,0.0,3,0,1.2,1.7,1.2,1.2,26.7,15.9,24.8,18.6,39.2,16.8,34.8,14.1,136.9,108.2,116.6,98.5,107.1,31.4,88.8,23.4,147.7,27.7,142.2,18.4,102.4,83.2,89.8,83.2,1
3,0,1,4.2,7.43,20.59,30.25,23.47,17.8,6.0,7.0,5.4,7.94,20.6,25.88,34.18,19.2,3,0,1.2,1.7,1.2,1.2,26.7,15.9,24.8,18.6,39.2,16.8,34.8,14.1,136.9,108.2,116.6,98.5,107.1,31.4,88.8,23.4,147.7,27.7,142.2,18.4,102.4,83.2,89.8,83.2,14
3,0,1,2.7,5.0,11.63,18.08,20.4,9.0,1.5,2.5,5.0,5.92,15.0,16.96,22.56,20.2,3,0,1.2,1.7,1.2,1.2,26.7,15.9,24.8,18.6,39.2,16.8,34.8,14.1,136.9,108.2,116.6,98.5,107.1,31.4,88.8,23.4,147.7,27.7,142.2,18.4,102.4,83.2,89.8,83.2,2
3,0,1,2.6,5.01,19.79,20.12,10.15,13.05,1.5,2.5,1.5,3.15,9.5,13.9,16.6,1.0,3,0,1.2,1.7,1.2,1.2,26.7,15.9,24.8,18.6,39.2,16.8,34.8,14.1,136.9,108.2,116.6,98.5,107.1,31.4,88.8,23.4,147.7,27.7,142.2,18.4,102.4,83.2,89.8,83.2,2
3,0,1,4.7,8.57,23.01,15.86,46.78,14.56,7.0,8.0,7.0,10.75,22.5,39.3,6.75,61.5,3,0,1.2,1.7,1.2,1.2,26.7,15.9,24.8,18.6,39.2,16.8,34.8,14.1,136.9,108.2,116.6,98.5,107.1,31.4,88.8,23.4,147.7,27.7,142.2,18.4,102.4,83.2,89.8,83.2,8
3,0,1,2.2,3.84,16.14,15.54,6.81,14.81,1.0,2.0,2.0,3.4,12.5,12.75,17.1,4.25,3,0,1.2,1.7,1.2,1.2,26.7,15.9,24.8,18.6,39.2,16.8,34.8,14.1,136.9,108.2,116.6,98.5,107.1,31.4,88.8,23.4,147.7,27.7,142.2,18.4,102.4,83.2,89.8,83.2,1
4,0,1,5.0,7.45,21.79,9.86,43.19,14.78,2.5,3.5,2.0,4.57,1.33,4.07,0.27,41.33,3,0,1.2,1.7,1.2,1.2,26.7,15.9,24.8,18.6,39.2,16.8,34.8,14.1,136.9,108.2,116.6,98.5,107.1,31.4,88.8,23.4,147.7,27.7,142.2,18.4,102.4,83.2,89.8,83.2,2
3,0,1,3.7,6.92,18.04,22.16,28.9,14.16,2.0,3.0,2.8,5.76,13.6,18.36,11.48,27.8,3,0,1.2,1.7,1.2,1.2,26.7,15.9,24.8,18.6,39.2,16.8,34.8,14.1,136.9,108.2,116.6,98.5,107.1,31.4,88.8,23.4,147.7,27.7,142.2,18.4,102.4,83.2,89.8,83.2,1
2,1,0,4.1,4.45,18.66,17.34,8.5,18.88,6.0,6.0,8.2,6.8,31.2,29.92,31.58,6.4,3,0,1.9,0.9,1.0,0.6,19.9,14.8,18.0,26.0,30.4,17.4,29.4,15.4,97.0,108.6,83.2,105.4,94.9,35.5,98.3,15.2,113.0,29.7,111.8,33.0,76.1,87.9,66.2,107.0,2
2,1,0,3.1,1.97,14.19,4.05,1.45,14.59,3.0,3.0,5.2,2.0,21.2,14.48,5.0,0.4,3,0,1.9,0.9,1.0,0.6,19.9,14.8,18.0,26.0,30.4,17.4,29.4,15.4,97.0,108.6,83.2,105.4,94.9,35.5,98.3,15.2,113.0,29.7,111.8,33.0,76.1,87.9,66.2,107.0,2
2,1,0,4.3,2.93,16.52,3.17,9.6,17.4,3.0,3.0,6.75,3.05,24.5,19.0,5.2,6.25,3,0,1.9,0.9,1.0,0.6,19.9,14.8,18.0,26.0,30.4,17.4,29.4,15.4,97.0,108.6,83.2,105.4,94.9,35.5,98.3,15.2,113.0,29.7,111.8,33.0,76.1,87.9,66.2,107.0,2
1,1,0,4.4,2.4,23.99,0.0,0.0,19.36,3.0,2.2,8.25,2.35,27.75,23.5,0.0,0.0,3,0,1.9,0.9,1.0,0.6,19.9,14.8,18.0,26.0,30.4,17.4,29.4,15.4,97.0,108.6,83.2,105.4,94.9,35.5,98.3,15.2,113.0,29.7,111.8,33.0,76.1,87.9,66.2,107.0,3
3,0,1,3.3,5.79,15.34,14.88,27.55,9.19,3.5,2.6,3.0,3.78,4.6,7.28,6.9,23.4,3,0,1.9,0.9,1.0,0.6,19.9,14.8,18.0,26.0,30.4,17.4,29.4,15.4,97.0,108.6,83.2,105.4,94.9,35.5,98.3,15.2,113.0,29.7,111.8,33.0,76.1,87.9,66.2,107.0,2
3,0,1,2.9,4.0,16.12,17.57,6.36,13.36,5.5,5.5,4.0,1.87,12.67,15.13,0.97,2.67,3,0,1.9,0.9,1.0,0.6,19.9,14.8,18.0,26.0,30.4,17.4,29.4,15.4,97.0,108.6,83.2,105.4,94.9,35.5,98.3,15.2,113.0,29.7,111.8,33.0,76.1,87.9,66.2,107.0,2
3,0,1,2.2,2.29,10.66,8.12,4.18,9.0,1.5,1.5,1.5,0.95,6.0,6.7,2.65,0.5,3,0,1.9,0.9,1.0,0.6,19.9,14.8,18.0,26.0,30.4,17.4,29.4,15.4,97.0,108.6,83.2,105.4,94.9,35.5,98.3,15.2,113.0,29.7,111.8,33.0,76.1,87.9,66.2,107.0,2
3,0,1,2.7,4.08,16.96,12.2,11.53,12.1,2.5,2.5,3.2,3.44,12.2,17.84,14.7,1.8,3,0,1.9,0.9,1.0,0.6,19.9,14.8,18.0,26.0,30.4,17.4,29.4,15.4,97.0,108.6,83.2,105.4,94.9,35.5,98.3,15.2,113.0,29.7,111.8,33.0,76.1,87.9,66.2,107.0,2
3,0,1,2.7,2.63,11.68,5.45,9.21,8.79,2.5,2.5,2.6,3.06,7.2,17.16,3.96,9.4,3,0,1.9,0.9,1.0,0.6,19.9,14.8,18.0,26.0,30.4,17.4,29.4,15.4,97.0,108.6,83.2,105.4,94.9,35.5,98.3,15.2,113.0,29.7,111.8,33.0,76.1,87.9,66.2,107.0,1
3,0,1,1.3,1.84,8.22,7.79,2.35,6.46,1.5,1.5,1.8,3.52,10.2,13.4,20.08,1.6,3,0,1.9,0.9,1.0,0.6,19.9,14.8,18.0,26.0,30.4,17.4,29.4,15.4,97.0,108.6,83.2,105.4,94.9,35.5,98.3,15.2,113.0,29.7,111.8,33.0,76.1,87.9,66.2,107.0,0
4,0,1,3.8,5.33,17.39,11.36,24.7,12.97,3.5,3.5,5.0,7.14,18.4,27.72,8.52,35.0,3,0,1.9,0.9,1.0,0.6,19.9,14.8,18.0,26.0,30.4,17.4,29.4,15.4,97.0,108.6,83.2,105.4,94.9,35.5,98.3,15.2,113.0,29.7,111.8,33.0,76.1,87.9,66.2,107.0,2
2,1,0,3.0,3.39,19.14,1.78,12.77,16.73,3.5,3.5,5.0,3.64,20.4,18.52,0.34,17.4,3,0,1.9,0.9,1.0,0.6,19.9,14.8,18.0,26.0,30.4,17.4,29.4,15.4,97.0,108.6,83.2,105.4,94.9,35.5,98.3,15.2,113.0,29.7,111.8,33.0,76.1,87.9,66.2,107.0,2
3,0,1,2.2,4.29,11.21,16.5,15.15,9.95,3.0,3.0,2.33,4.1,12.33,13.33,20.9,6.67,3,1,0.9,1.4,1.0,0.4,24.9,21.9,17.6,32.8,41.2,20.5,26.0,25.9,120.6,106.4,69.6,140.4,136.6,52.8,88.6,68.1,155.9,45.6,103.4,49.8,97.0,102.9,56.6,134.0,2
2,1,0,3.5,6.29,20.77,33.67,8.36,19.14,8.0,8.0,5.33,4.37,25.67,21.47,20.47,1.67,3,1,0.9,1.4,1.0,0.4,24.9,21.9,17.6,32.8,41.2,20.5,26.0,25.9,120.6,106.4,69.6,140.4,136.6,52.8,88.6,68.1,155.9,45.6,103.4,49.8,97.0,102.9,56.6,134.0,5
2,1,0,3.1,2.92,19.1,2.32,7.79,15.62,10.0,10.0,5.5,4.18,24.5,26.85,6.05,8.75,3,1,0.9,1.4,1.0,0.4,24.9,21.9,17.6,32.8,41.2,20.5,26.0,25.9,120.6,106.4,69.6,140.4,136.6,52.8,88.6,68.1,155.9,45.6,103.4,49.8,97.0,102.9,56.6,134.0,2
2,1,0,2.3,2.5,12.0,6.42,6.6,12.8,6.0,6.0,4.33,1.3,17.67,11.07,2.03,0.0,3,1,0.9,1.4,1.0,0.4,24.9,21.9,17.6,32.8,41.2,20.5,26.0,25.9,120.6,106.4,69.6,140.4,136.6,52.8,88.6,68.1,155.9,45.6,103.4,49.8,97.0,102.9,56.6,134.0,2
4,0,1,4.0,6.48,18.73,7.88,38.52,12.9,2.0,2.0,3.8,7.6,8.4,19.36,5.52,52.0,3,1,0.9,1.4,1.0,0.4,24.9,21.9,17.6,32.8,41.2,20.5,26.0,25.9,120.6,106.4,69.6,140.4,136.6,52.8,88.6,68.1,155.9,45.6,103.4,49.8,97.0,102.9,56.6,134.0,2
1,1,0,3.2,2.0,20.03,0.1,0.0,16.94,7.5,7.5,4.2,2.1,20.0,21.24,0.0,0.0,3,1,0.9,1.4,1.0,0.4,24.9,21.9,17.6,32.8,41.2,20.5,26.0,25.9,120.6,106.4,69.6,140.4,136.6,52.8,88.6,68.1,155.9,45.6,103.4,49.8,97.0,102.9,56.6,134.0,1
3,0,1,4.8,7.81,24.08,15.63,38.38,15.1,3.0,3.0,3.2,8.12,8.6,14.44,18.66,48.2,3,1,0.9,1.4,1.0,0.4,24.9,21.9,17.6,32.8,41.2,20.5,26.0,25.9,120.6,106.4,69.6,140.4,136.6,52.8,88.6,68.1,155.9,45.6,103.4,49.8,97.0,102.9,56.6,134.0,6
3,0,1,2.5,5.18,12.62,24.35,14.82,11.14,1.0,1.0,1.4,3.32,4.4,7.96,11.48,13.4,3,1,0.9,1.4,1.0,0.4,24.9,21.9,17.6,32.8,41.2,20.5,26.0,25.9,120.6,106.4,69.6,140.4,136.6,52.8,88.6,68.1,155.9,45.6,103.4,49.8,97.0,102.9,56.6,134.0,10
3,0,1,2.0,2.41,8.74,4.34,11.0,7.39,2.0,2.0,1.5,2.38,6.25,6.7,4.4,13.0,3,1,0.9,1.4,1.0,0.4,24.9,21.9,17.6,32.8,41.2,20.5,26.0,25.9,120.6,106.4,69.6,140.4,136.6,52.8,88.6,68.1,155.9,45.6,103.4,49.8,97.0,102.9,56.6,134.0,1
3,0,1,1.7,1.74,7.43,7.96,1.92,9.15,3.0,3.0,1.8,1.36,9.6,8.32,2.62,2.4,3,1,0.9,1.4,1.0,0.4,24.9,21.9,17.6,32.8,41.2,20.5,26.0,25.9,120.6,106.4,69.6,140.4,136.6,52.8,88.6,68.1,155.9,45.6,103.4,49.8,97.0,102.9,56.6,134.0,2
2,1,0,2.8,2.73,18.27,2.63,6.33,16.58,6.5,6.5,3.0,2.16,19.0,18.08,2.52,0.8,3,1,0.9,1.4,1.0,0.4,24.9,21.9,17.6,32.8,41.2,20.5,26.0,25.9,120.6,106.4,69.6,140.4,136.6,52.8,88.6,68.1,155.9,45.6,103.4,49.8,97.0,102.9,56.6,134.0,2
4,0,1,1.0,1.42,2.65,7.98,4.0,4.25,1.0,1.0,1.0,1.23,5.0,3.53,8.17,0.67,3,1,0.9,1.4,1.0,0.4,24.9,21.9,17.6,32.8,41.2,20.5,26.0,25.9,120.6,106.4,69.6,140.4,136.6,52.8,88.6,68.1,155.9,45.6,103.4,49.8,97.0,102.9,56.6,134.0,6
2,1,0,4.5,4.91,21.1,20.06,7.92,19.2,9.5,9.5,5.75,5.85,16.0,23.9,22.35,12.25,2,1,0.9,1.2,1.0,0.8,22.2,19.3,18.4,15.2,37.3,18.2,35.0,19.9,108.6,97.4,91.9,97.9,119.3,44.7,122.8,49.0,145.6,39.9,135.0,52.0,84.8,88.6,70.0,77.6,1
2,1,0,3.7,3.35,21.16,2.71,9.61,19.71,4.0,4.0,3.4,3.34,17.6,18.72,5.04,9.6,2,1,0.9,1.2,1.0,0.8,22.2,19.3,18.4,15.2,37.3,18.2,35.0,19.9,108.6,97.4,91.9,97.9,119.3,44.7,122.8,49.0,145.6,39.9,135.0,52.0,84.8,88.6,70.0,77.6,1
2,1,0,3.8,3.35,23.14,2.42,7.87,20.47,5.0,5.0,4.0,3.24,17.0,20.4,3.24,8.6,2,1,0.9,1.2,1.0,0.8,22.2,19.3,18.4,15.2,37.3,18.2,35.0,19.9,108.6,97.4,91.9,97.9,119.3,44.7,122.8,49.0,145.6,39.9,135.0,52.0,84.8,88.6,70.0,77.6,1
4,0,1,6.1,7.7,29.89,10.09,37.29,22.46,2.0,2.0,4.25,7.05,16.0,21.3,14.35,36.0,2,1,0.9,1.2,1.0,0.8,22.2,19.3,18.4,15.2,37.3,18.2,35.0,19.9,108.6,97.4,91.9,97.9,119.3,44.7,122.8,49.0,145.6,39.9,135.0,52.0,84.8,88.6,70.0,77.6,2
4,0,1,3.4,5.11,13.76,11.28,26.14,10.43,1.5,1.5,1.4,2.18,0.8,2.44,6.6,13.4,2,1,0.9,1.2,1.0,0.8,22.2,19.3,18.4,15.2,37.3,18.2,35.0,19.9,108.6,97.4,91.9,97.9,119.3,44.7,122.8,49.0,145.6,39.9,135.0,52.0,84.8,88.6,70.0,77.6,7
1,1,0,4.4,2.48,24.43,0.32,0.0,19.48,8.5,8.5,7.4,3.5,25.8,34.96,0.0,0.0,2,1,0.9,1.2,1.0,0.8,22.2,19.3,18.4,15.2,37.3,18.2,35.0,19.9,108.6,97.4,91.9,97.9,119.3,44.7,122.8,49.0,145.6,39.9,135.0,52.0,84.8,88.6,70.0,77.6,1
3,0,1,4.1,8.48,21.1,41.0,22.63,17.83,2.5,2.5,2.4,6.66,15.8,11.76,37.92,17.0,2,1,0.9,1.2,1.0,0.8,22.2,19.3,18.4,15.2,37.3,18.2,35.0,19.9,108.6,97.4,91.9,97.9,119.3,44.7,122.8,49.0,145.6,39.9,135.0,52.0,84.8,88.6,70.0,77.6,1
3,0,1,4.0,5.74,15.87,15.37,26.17,11.83,2.0,2.0,5.2,6.2,16.0,20.96,15.5,25.6,2,1,0.9,1.2,1.0,0.8,22.2,19.3,18.4,15.2,37.3,18.2,35.0,19.9,108.6,97.4,91.9,97.9,119.3,44.7,122.8,49.0,145.6,39.9,135.0,52.0,84.8,88.6,70.0,77.6,1
3,0,1,2.0,2.47,8.64,11.48,4.53,8.8,1.5,1.5,4.67,3.27,16.33,17.33,12.63,2.67,2,1,0.9,1.2,1.0,0.8,22.2,19.3,18.4,15.2,37.3,18.2,35.0,19.9,108.6,97.4,91.9,97.9,119.3,44.7,122.8,49.0,145.6,39.9,135.0,52.0,84.8,88.6,70.0,77.6,2
3,0,1,2.8,3.57,20.83,8.38,6.48,14.56,2.0,2.0,2.0,2.1,8.0,11.5,5.38,4.0,2,1,0.9,1.2,1.0,0.8,22.2,19.3,18.4,15.2,37.3,18.2,35.0,19.9,108.6,97.4,91.9,97.9,119.3,44.7,122.8,49.0,145.6,39.9,135.0,52.0,84.8,88.6,70.0,77.6,1
2,1,0,3.3,3.32,18.2,12.45,2.67,14.67,3.5,3.5,4.33,3.97,19.33,21.33,15.07,3.33,2,1,0.9,1.2,1.0,0.8,22.2,19.3,18.4,15.2,37.3,18.2,35.0,19.9,108.6,97.4,91.9,97.9,119.3,44.7,122.8,49.0,145.6,39.9,135.0,52.0,84.8,88.6,70.0,77.6,1
3,0,1,3.3,4.71,14.67,19.33,13.03,13.53,1.5,1.5,1.4,2.26,6.6,6.16,11.54,5.2,2,1,0.9,1.2,1.0,0.8,22.2,19.3,18.4,15.2,37.3,18.2,35.0,19.9,108.6,97.4,91.9,97.9,119.3,44.7,122.8,49.0,145.6,39.9,135.0,52.0,84.8,88.6,70.0,77.6,2
2,1,0,5.0,5.65,21.43,24.72,10.3,22.4,4.5,4.5,4.67,8.37,25.0,26.4,44.3,13.0,2,0,0.9,1.5,0.8,1.2,24.0,22.6,24.0,26.0,36.2,18.1,35.2,16.1,114.6,107.1,115.5,101.0,111.8,36.3,117.5,35.2,135.4,37.2,118.6,23.6,93.7,103.0,91.2,107.2,0
2,1,0,6.0,7.81,27.66,38.48,11.97,24.75,10.5,10.5,6.8,8.14,26.2,28.44,37.66,15.2,2,0,0.9,1.5,0.8,1.2,24.0,22.6,24.0,26.0,36.2,18.1,35.2,16.1,114.6,107.1,115.5,101.0,111.8,36.3,117.5,35.2,135.4,37.2,118.6,23.6,93.7,103.0,91.2,107.2,0
2,1,0,5.0,4.01,23.98,3.87,12.31,21.38,7.5,7.5,4.6,5.52,22.4,22.96,11.28,21.0,2,0,0.9,1.5,0.8,1.2,24.0,22.6,24.0,26.0,36.2,18.1,35.2,16.1,114.6,107.1,115.5,101.0,111.8,36.3,117.5,35.2,135.4,37.2,118.6,23.6,93.7,103.0,91.2,107.2,0
2,1,0,4.0,1.86,13.91,4.18,0.48,17.67,3.5,3.5,2.5,2.35,17.0,16.1,4.72,2.5,2,0,0.9,1.5,0.8,1.2,24.0,22.6,24.0,26.0,36.2,18.1,35.2,16.1,114.6,107.1,115.5,101.0,111.8,36.3,117.5,35.2,135.4,37.2,118.6,23.6,93.7,103.0,91.2,107.2,-1
4,0,1,4.3,8.49,20.56,17.87,46.39,16.32,2.0,2.0,2.0,3.92,3.8,4.56,9.28,25.4,2,0,0.9,1.5,0.8,1.2,24.0,22.6,24.0,26.0,36.2,18.1,35.2,16.1,114.6,107.1,115.5,101.0,111.8,36.3,117.5,35.2,135.4,37.2,118.6,23.6,93.7,103.0,91.2,107.2,2
1,1,0,4.8,1.91,18.63,0.45,0.0,20.82,8.0,8.0,4.5,1.7,19.75,16.95,0.0,0.0,2,0,0.9,1.5,0.8,1.2,24.0,22.6,24.0,26.0,36.2,18.1,35.2,16.1,114.6,107.1,115.5,101.0,111.8,36.3,117.5,35.2,135.4,37.2,118.6,23.6,93.7,103.0,91.2,107.2,0
3,0,1,7.3,11.59,31.66,23.96,60.29,20.54,5.5,5.5,7.25,12.5,25.25,36.8,24.12,64.0,2,0,0.9,1.5,0.8,1.2,24.0,22.6,24.0,26.0,36.2,18.1,35.2,16.1,114.6,107.1,115.5,101.0,111.8,36.3,117.5,35.2,135.4,37.2,118.6,23.6,93.7,103.0,91.2,107.2,2
3,0,1,6.7,9.04,30.56,23.86,35.89,20.25,6.0,6.0,7.0,9.46,24.8,34.04,26.48,34.0,2,0,0.9,1.5,0.8,1.2,24.0,22.6,24.0,26.0,36.2,18.1,35.2,16.1,114.6,107.1,115.5,101.0,111.8,36.3,117.5,35.2,135.4,37.2,118.6,23.6,93.7,103.0,91.2,107.2,2
3,0,1,2.5,3.46,10.28,10.61,13.78,8.96,1.0,1.0,1.4,3.02,7.0,5.8,16.88,7.6,2,0,0.9,1.5,0.8,1.2,24.0,22.6,24.0,26.0,36.2,18.1,35.2,16.1,114.6,107.1,115.5,101.0,111.8,36.3,117.5,35.2,135.4,37.2,118.6,23.6,93.7,103.0,91.2,107.2,-1
3,0,1,2.8,3.23,16.01,12.94,3.32,15.05,8.5,8.5,4.6,4.18,21.6,22.2,13.7,5.8,2,0,0.9,1.5,0.8,1.2,24.0,22.6,24.0,26.0,36.2,18.1,35.2,16.1,114.6,107.1,115.5,101.0,111.8,36.3,117.5,35.2,135.4,37.2,118.6,23.6,93.7,103.0,91.2,107.2,2
3,0,1,3.9,4.35,19.13,15.5,8.78,17.48,3.0,3.0,3.0,2.25,9.5,8.3,8.05,6.0,2,0,0.9,1.5,0.8,1.2,24.0,22.6,24.0,26.0,36.2,18.1,35.2,16.1,114.6,107.1,115.5,101.0,111.8,36.3,117.5,35.2,135.4,37.2,118.6,23.6,93.7,103.0,91.2,107.2,1
3,0,1,3.0,3.06,11.59,8.39,10.58,12.77,2.0,2.0,3.4,4.0,14.2,15.32,13.08,11.6,2,0,0.9,1.5,0.8,1.2,24.0,22.6,24.0,26.0,36.2,18.1,35.2,16.1,114.6,107.1,115.5,101.0,111.8,36.3,117.5,35.2,135.4,37.2,118.6,23.6,93.7,103.0,91.2,107.2,2
2,1,0,3.1,2.02,12.9,4.89,2.5,16.5,3.0,3.0,2.5,1.75,15.0,12.1,3.97,1.5,5,0,1.6,1.0,2.0,0.4,19.2,18.3,15.8,8.8,28.8,16.7,23.8,14.2,95.4,108.4,77.3,90.2,87.9,27.4,72.3,32.1,105.5,31.6,88.2,20.0,75.6,88.8,64.4,63.0,6
2,1,0,3.5,3.5,14.9,13.27,6.74,18.78,2.3,2.3,4.33,3.9,23.67,16.4,14.97,7.67,5,0,1.6,1.0,2.0,0.4,19.2,18.3,15.8,8.8,28.8,16.7,23.8,14.2,95.4,108.4,77.3,90.2,87.9,27.4,72.3,32.1,105.5,31.6,88.2,20.0,75.6,88.8,64.4,63.0,5
2,1,0,3.6,4.14,13.39,22.0,5.88,18.69,2.7,2.7,3.75,2.45,14.0,4.6,11.4,8.25,5,0,1.6,1.0,2.0,0.4,19.2,18.3,15.8,8.8,28.8,16.7,23.8,14.2,95.4,108.4,77.3,90.2,87.9,27.4,72.3,32.1,105.5,31.6,88.2,20.0,75.6,88.8,64.4,63.0,5
4,0,1,3.9,7.35,20.25,10.79,42.59,14.22,2.3,2.3,2.6,4.32,11.4,14.76,11.22,17.2,5,0,1.6,1.0,2.0,0.4,19.2,18.3,15.8,8.8,28.8,16.7,23.8,14.2,95.4,108.4,77.3,90.2,87.9,27.4,72.3,32.1,105.5,31.6,88.2,20.0,75.6,88.8,64.4,63.0,1
1,1,0,3.4,1.76,17.44,0.21,0.0,17.07,4.7,4.7,4.6,2.16,23.2,21.08,0.6,0.0,5,0,1.6,1.0,2.0,0.4,19.2,18.3,15.8,8.8,28.8,16.7,23.8,14.2,95.4,108.4,77.3,90.2,87.9,27.4,72.3,32.1,105.5,31.6,88.2,20.0,75.6,88.8,64.4,63.0,7
3,0,1,5.0,10.32,23.65,25.19,54.35,16.62,4.0,4.0,4.67,9.0,16.0,19.2,32.83,37.67,5,0,1.6,1.0,2.0,0.4,19.2,18.3,15.8,8.8,28.8,16.7,23.8,14.2,95.4,108.4,77.3,90.2,87.9,27.4,72.3,32.1,105.5,31.6,88.2,20.0,75.6,88.8,64.4,63.0,16
3,0,1,6.9,11.83,36.23,53.17,28.83,27.28,7.7,7.7,6.5,8.4,19.5,25.35,29.9,28.5,5,0,1.6,1.0,2.0,0.4,19.2,18.3,15.8,8.8,28.8,16.7,23.8,14.2,95.4,108.4,77.3,90.2,87.9,27.4,72.3,32.1,105.5,31.6,88.2,20.0,75.6,88.8,64.4,63.0,14
3,0,1,5.7,8.73,26.35,28.55,32.35,22.0,9.0,9.0,7.2,8.16,26.2,26.0,34.08,21.4,5,0,1.6,1.0,2.0,0.4,19.2,18.3,15.8,8.8,28.8,16.7,23.8,14.2,95.4,108.4,77.3,90.2,87.9,27.4,72.3,32.1,105.5,31.6,88.2,20.0,75.6,88.8,64.4,63.0,1
3,0,1,2.6,3.52,12.21,11.4,11.62,9.81,7.3,5.5,8.0,8.27,28.67,39.27,18.8,24.33,5,0,1.6,1.0,2.0,0.4,19.2,18.3,15.8,8.8,28.8,16.7,23.8,14.2,95.4,108.4,77.3,90.2,87.9,27.4,72.3,32.1,105.5,31.6,88.2,20.0,75.6,88.8,64.4,63.0,12
3,0,1,2.1,4.87,13.77,21.35,13.52,12.63,1.7,1.7,2.5,5.93,13.5,17.45,23.55,18.25,5,0,1.6,1.0,2.0,0.4,19.2,18.3,15.8,8.8,28.8,16.7,23.8,14.2,95.4,108.4,77.3,90.2,87.9,27.4,72.3,32.1,105.5,31.6,88.2,20.0,75.6,88.8,64.4,63.0,3
3,0,1,2.7,3.91,18.01,15.49,5.69,15.28,1.3,1.3,1.6,3.18,11.6,11.92,15.8,4.0,5,0,1.6,1.0,2.0,0.4,19.2,18.3,15.8,8.8,28.8,16.7,23.8,14.2,95.4,108.4,77.3,90.2,87.9,27.4,72.3,32.1,105.5,31.6,88.2,20.0,75.6,88.8,64.4,63.0,3
2,1,0,2.4,1.22,11.23,1.1,0.0,13.83,2.0,1.5,6.0,0.9,24.0,8.0,1.1,0.0,5,0,1.6,1.0,2.0,0.4,19.2,18.3,15.8,8.8,28.8,16.7,23.8,14.2,95.4,108.4,77.3,90.2,87.9,27.4,72.3,32.1,105.5,31.6,88.2,20.0,75.6,88.8,64.4,63.0,6
2,1,0,3.5,3.95,22.48,13.56,3.43,18.89,6.5,7.5,5.6,3.64,22.2,20.0,13.94,2.4,4,1,2.5,1.1,2.0,0.8,22.0,10.5,24.2,17.6,26.3,16.3,28.8,17.4,103.5,122.5,89.5,127.0,63.5,23.3,62.7,30.0,96.2,17.2,136.8,17.4,82.9,84.8,76.0,100.6,10
2,1,0,3.1,3.8,21.12,5.57,11.13,17.39,4.0,5.0,4.0,2.56,19.4,19.12,1.56,4.8,4,1,2.5,1.1,2.0,0.8,22.0,10.5,24.2,17.6,26.3,16.3,28.8,17.4,103.5,122.5,89.5,127.0,63.5,23.3,62.7,30.0,96.2,17.2,136.8,17.4,82.9,84.8,76.0,100.6,6
2,1,0,3.1,2.16,16.59,2.32,2.68,16.96,4.0,5.0,4.8,1.6,21.8,14.56,1.06,0.4,4,1,2.5,1.1,2.0,0.8,22.0,10.5,24.2,17.6,26.3,16.3,28.8,17.4,103.5,122.5,89.5,127.0,63.5,23.3,62.7,30.0,96.2,17.2,136.8,17.4,82.9,84.8,76.0,100.6,6
2,1,0,2.6,3.49,15.01,13.65,6.3,15.25,3.5,4.5,4.2,4.2,23.0,19.72,18.14,4.2,4,1,2.5,1.1,2.0,0.8,22.0,10.5,24.2,17.6,26.3,16.3,28.8,17.4,103.5,122.5,89.5,127.0,63.5,23.3,62.7,30.0,96.2,17.2,136.8,17.4,82.9,84.8,76.0,100.6,5
4,0,1,6.0,9.07,29.93,18.48,42.25,21.88,5.5,6.5,5.5,7.7,15.5,20.7,32.1,24.5,4,1,2.5,1.1,2.0,0.8,22.0,10.5,24.2,17.6,26.3,16.3,28.8,17.4,103.5,122.5,89.5,127.0,63.5,23.3,62.7,30.0,96.2,17.2,136.8,17.4,82.9,84.8,76.0,100.6,2
4,0,1,2.3,2.97,9.97,5.28,14.62,9.25,1.5,2.5,3.25,5.9,13.5,15.9,13.15,29.75,4,1,2.5,1.1,2.0,0.8,22.0,10.5,24.2,17.6,26.3,16.3,28.8,17.4,103.5,122.5,89.5,127.0,63.5,23.3,62.7,30.0,96.2,17.2,136.8,17.4,82.9,84.8,76.0,100.6,12
1,1,0,3.6,1.82,18.24,0.0,0.0,16.03,4.0,5.0,5.2,1.86,19.2,18.52,0.0,0.0,4,1,2.5,1.1,2.0,0.8,22.0,10.5,24.2,17.6,26.3,16.3,28.8,17.4,103.5,122.5,89.5,127.0,63.5,23.3,62.7,30.0,96.2,17.2,136.8,17.4,82.9,84.8,76.0,100.6,6
3,0,1,2.7,6.3,18.22,30.02,14.67,12.33,3.5,4.5,3.5,5.1,15.5,16.9,27.3,7.0,4,1,2.5,1.1,2.0,0.8,22.0,10.5,24.2,17.6,26.3,16.3,28.8,17.4,103.5,122.5,89.5,127.0,63.5,23.3,62.7,30.0,96.2,17.2,136.8,17.4,82.9,84.8,76.0,100.6,6
3,0,1,5.8,8.17,26.41,13.21,42.0,15.48,11.5,12.5,8.2,10.14,22.6,38.56,8.92,54.0,4,1,2.5,1.1,2.0,0.8,22.0,10.5,24.2,17.6,26.3,16.3,28.8,17.4,103.5,122.5,89.5,127.0,63.5,23.3,62.7,30.0,96.2,17.2,136.8,17.4,82.9,84.8,76.0,100.6,3
3,0,1,2.6,3.31,16.14,13.26,3.79,13.07,2.0,3.0,3.4,5.08,15.8,22.28,24.92,3.6,4,1,2.5,1.1,2.0,0.8,22.0,10.5,24.2,17.6,26.3,16.3,28.8,17.4,103.5,122.5,89.5,127.0,63.5,23.3,62.7,30.0,96.2,17.2,136.8,17.4,82.9,84.8,76.0,100.6,3
3,0,1,7.1,11.45,42.93,36.63,35.0,25.67,6.0,7.0,8.4,11.08,27.0,42.12,33.46,35.2,4,1,2.5,1.1,2.0,0.8,22.0,10.5,24.2,17.6,26.3,16.3,28.8,17.4,103.5,122.5,89.5,127.0,63.5,23.3,62.7,30.0,96.2,17.2,136.8,17.4,82.9,84.8,76.0,100.6,15
2,1,0,3.7,3.4,23.66,2.54,7.8,16.52,3.5,4.0,4.8,2.48,20.4,19.84,0.56,4.4,2,0,1.2,1.5,0.8,1.6,25.0,16.9,30.4,18.0,32.6,17.1,38.6,13.8,116.4,110.1,142.4,87.9,92.9,33.5,115.9,29.5,116.9,27.3,127.8,20.4,94.6,86.4,117.2,86.8,2
2,1,0,3.3,1.99,11.81,5.51,2.53,14.13,4.0,4.5,4.5,2.68,18.75,13.45,10.25,3.0,2,0,1.2,1.5,0.8,1.6,25.0,16.9,30.4,18.0,32.6,17.1,38.6,13.8,116.4,110.1,142.4,87.9,92.9,33.5,115.9,29.5,116.9,27.3,127.8,20.4,94.6,86.4,117.2,86.8,6
2,1,0,3.3,2.29,16.33,1.24,5.32,15.05,3.0,3.5,3.8,2.32,16.6,15.44,2.66,5.0,2,0,1.2,1.5,0.8,1.6,25.0,16.9,30.4,18.0,32.6,17.1,38.6,13.8,116.4,110.1,142.4,87.9,92.9,33.5,115.9,29.5,116.9,27.3,127.8,20.4,94.6,86.4,117.2,86.8,2
1,1,0,4.1,2.69,26.88,0.0,0.0,19.0,4.0,4.5,5.2,1.98,20.4,19.72,0.0,0.0,2,0,1.2,1.5,0.8,1.6,25.0,16.9,30.4,18.0,32.6,17.1,38.6,13.8,116.4,110.1,142.4,87.9,92.9,33.5,115.9,29.5,116.9,27.3,127.8,20.4,94.6,86.4,117.2,86.8,2
3,0,1,2.9,4.2,11.52,11.61,18.94,8.74,4.0,4.5,3.0,7.22,9.8,13.2,27.78,31.2,2,0,1.2,1.5,0.8,1.6,25.0,16.9,30.4,18.0,32.6,17.1,38.6,13.8,116.4,110.1,142.4,87.9,92.9,33.5,115.9,29.5,116.9,27.3,127.8,20.4,94.6,86.4,117.2,86.8,6
3,0,1,3.9,5.43,20.64,21.68,11.85,15.8,3.0,3.5,2.75,4.75,13.75,13.5,19.75,14.0,2,0,1.2,1.5,0.8,1.6,25.0,16.9,30.4,18.0,32.6,17.1,38.6,13.8,116.4,110.1,142.4,87.9,92.9,33.5,115.9,29.5,116.9,27.3,127.8,20.4,94.6,86.4,117.2,86.8,7
4,0,1,2.2,3.91,9.17,11.79,18.16,6.41,3.5,4.0,2.0,4.76,6.6,12.08,9.1,26.8,2,0,1.2,1.5,0.8,1.6,25.0,16.9,30.4,18.0,32.6,17.1,38.6,13.8,116.4,110.1,142.4,87.9,92.9,33.5,115.9,29.5,116.9,27.3,127.8,20.4,94.6,86.4,117.2,86.8,2
3,0,1,3.4,5.43,16.12,16.06,22.15,12.25,6.0,6.5,5.0,6.48,19.4,24.16,17.1,23.4,2,0,1.2,1.5,0.8,1.6,25.0,16.9,30.4,18.0,32.6,17.1,38.6,13.8,116.4,110.1,142.4,87.9,92.9,33.5,115.9,29.5,116.9,27.3,127.8,20.4,94.6,86.4,117.2,86.8,15
4,0,1,1.8,2.23,5.94,3.44,13.08,4.54,4.0,4.5,3.0,5.42,6.75,12.0,4.08,38.25,2,0,1.2,1.5,0.8,1.6,25.0,16.9,30.4,18.0,32.6,17.1,38.6,13.8,116.4,110.1,142.4,87.9,92.9,33.5,115.9,29.5,116.9,27.3,127.8,20.4,94.6,86.4,117.2,86.8,8
3,0,1,1.4,2.12,9.16,11.38,0.6,8.0,1.0,1.5,1.0,0.57,5.0,4.4,0.9,0.33,2,0,1.2,1.5,0.8,1.6,25.0,16.9,30.4,18.0,32.6,17.1,38.6,13.8,116.4,110.1,142.4,87.9,92.9,33.5,115.9,29.5,116.9,27.3,127.8,20.4,94.6,86.4,117.2,86.8,2
2,1,0,1.5,2.54,20.36,0.94,4.0,15.48,1.5,0.5,2.2,3.12,15.4,20.08,0.74,10.2,3,1,1.4,1.1,1.8,0.4,22.4,14.3,17.0,11.8,32.6,17.2,24.5,12.3,109.9,109.2,82.6,81.8,99.2,36.0,79.0,21.2,117.2,26.6,83.6,19.4,90.4,84.4,70.2,75.2,0
2,1,0,2.1,3.47,15.65,11.64,7.38,13.62,1.0,0.0,3.0,3.34,11.4,19.6,8.86,5.0,3,1,1.4,1.1,1.8,0.4,22.4,14.3,17.0,11.8,32.6,17.2,24.5,12.3,109.9,109.2,82.6,81.8,99.2,36.0,79.0,21.2,117.2,26.6,83.6,19.4,90.4,84.4,70.2,75.2,0
2,1,0,2.1,2.86,15.82,7.46,5.24,14.38,1.5,0.5,4.2,3.28,19.2,20.36,5.02,7.2,3,1,1.4,1.1,1.8,0.4,22.4,14.3,17.0,11.8,32.6,17.2,24.5,12.3,109.9,109.2,82.6,81.8,99.2,36.0,79.0,21.2,117.2,26.6,83.6,19.4,90.4,84.4,70.2,75.2,0
4,0,1,4.3,6.82,18.05,11.91,38.43,14.23,1.5,0.5,1.8,3.62,4.4,2.4,9.44,24.4,3,1,1.4,1.1,1.8,0.4,22.4,14.3,17.0,11.8,32.6,17.2,24.5,12.3,109.9,109.2,82.6,81.8,99.2,36.0,79.0,21.2,117.2,26.6,83.6,19.4,90.4,84.4,70.2,75.2,1
1,1,0,3.3,2.92,29.26,0.0,0.0,18.93,3.0,2.0,3.6,2.92,20.2,29.36,0.0,0.0,3,1,1.4,1.1,1.8,0.4,22.4,14.3,17.0,11.8,32.6,17.2,24.5,12.3,109.9,109.2,82.6,81.8,99.2,36.0,79.0,21.2,117.2,26.6,83.6,19.4,90.4,84.4,70.2,75.2,1
3,0,1,2.8,6.85,20.81,36.58,11.03,13.73,1.5,0.5,1.6,4.48,9.2,14.92,23.48,6.2,3,1,1.4,1.1,1.8,0.4,22.4,14.3,17.0,11.8,32.6,17.2,24.5,12.3,109.9,109.2,82.6,81.8,99.2,36.0,79.0,21.2,117.2,26.6,83.6,19.4,90.4,84.4,70.2,75.2,1
3,0,1,1.9,3.23,8.28,7.97,16.11,6.32,1.5,0.5,1.5,3.35,7.0,4.4,7.0,22.0,3,1,1.4,1.1,1.8,0.4,22.4,14.3,17.0,11.8,32.6,17.2,24.5,12.3,109.9,109.2,82.6,81.8,99.2,36.0,79.0,21.2,117.2,26.6,83.6,19.4,90.4,84.4,70.2,75.2,1
3,0,1,2.2,3.53,14.7,11.95,8.63,12.13,2.0,1.0,2.2,3.54,11.4,17.24,8.48,9.4,3,1,1.4,1.1,1.8,0.4,22.4,14.3,17.0,11.8,32.6,17.2,24.5,12.3,109.9,109.2,82.6,81.8,99.2,36.0,79.0,21.2,117.2,26.6,83.6,19.4,90.4,84.4,70.2,75.2,1
3,0,1,3.3,5.04,15.83,14.78,19.94,12.13,1.5,0.5,1.8,2.26,6.0,6.92,12.62,2.8,3,1,1.4,1.1,1.8,0.4,22.4,14.3,17.0,11.8,32.6,17.2,24.5,12.3,109.9,109.2,82.6,81.8,99.2,36.0,79.0,21.2,117.2,26.6,83.6,19.4,90.4,84.4,70.2,75.2,2
3,0,1,2.4,2.29,12.27,4.45,6.12,13.5,1.0,0.0,2.25,2.05,14.5,11.35,1.8,7.25,3,1,1.4,1.1,1.8,0.4,22.4,14.3,17.0,11.8,32.6,17.2,24.5,12.3,109.9,109.2,82.6,81.8,99.2,36.0,79.0,21.2,117.2,26.6,83.6,19.4,90.4,84.4,70.2,75.2,2
3,0,1,1.8,2.2,12.77,3.01,6.13,11.2,1.0,0.0,2.0,1.0,7.0,7.0,1.1,2.0,3,1,1.4,1.1,1.8,0.4,22.4,14.3,17.0,11.8,32.6,17.2,24.5,12.3,109.9,109.2,82.6,81.8,99.2,36.0,79.0,21.2,117.2,26.6,83.6,19.4,90.4,84.4,70.2,75.2,1
4,0,1,1.4,1.89,3.28,3.12,12.56,3.56,2.0,0.8,1.4,4.32,2.6,3.32,8.3,31.4,3,1,1.4,1.1,1.8,0.4,22.4,14.3,17.0,11.8,32.6,17.2,24.5,12.3,109.9,109.2,82.6,81.8,99.2,36.0,79.0,21.2,117.2,26.6,83.6,19.4,90.4,84.4,70.2,75.2,1
4,0,1,1.2,0.46,1.0,0.42,3.6,2.6,1.0,0.0,1.0,0.47,1.33,0.67,0.2,4.67,3,1,1.4,1.1,1.8,0.4,22.4,14.3,17.0,11.8,32.6,17.2,24.5,12.3,109.9,109.2,82.6,81.8,99.2,36.0,79.0,21.2,117.2,26.6,83.6,19.4,90.4,84.4,70.2,75.2,1
3,0,1,1.7,2.84,6.14,10.94,11.71,6.0,1.0,0.0,1.33,1.93,4.33,6.73,8.1,4.33,3,1,1.4,1.1,1.8,0.4,22.4,14.3,17.0,11.8,32.6,17.2,24.5,12.3,109.9,109.2,82.6,81.8,99.2,36.0,79.0,21.2,117.2,26.6,83.6,19.4,90.4,84.4,70.2,75.2,1
2,1,0,3.8,4.17,17.35,15.67,8.61,17.32,2.7,2.2,4.2,2.72,14.6,13.84,6.16,7.0,2,1,1.1,1.4,1.0,1.2,23.7,17.6,11.6,13.0,35.5,16.6,20.9,15.5,110.3,92.0,51.6,79.2,111.5,41.6,78.8,30.9,133.5,32.1,78.8,44.8,90.0,89.4,40.6,64.8,5
2,1,0,4.0,3.46,15.19,12.55,6.84,16.32,2.7,2.2,3.2,4.0,17.2,12.24,21.6,6.0,2,1,1.1,1.4,1.0,1.2,23.7,17.6,11.6,13.0,35.5,16.6,20.9,15.5,110.3,92.0,51.6,79.2,111.5,41.6,78.8,30.9,133.5,32.1,78.8,44.8,90.0,89.4,40.6,64.8,2
2,1,0,3.3,3.07,15.96,0.46,14.21,15.86,1.0,0.5,2.75,3.55,13.25,14.05,0.6,20.75,2,1,1.1,1.4,1.0,1.2,23.7,17.6,11.6,13.0,35.5,16.6,20.9,15.5,110.3,92.0,51.6,79.2,111.5,41.6,78.8,30.9,133.5,32.1,78.8,44.8,90.0,89.4,40.6,64.8,2
3,0,1,2.7,4.31,17.11,22.78,3.23,15.39,2.0,1.5,2.2,3.86,12.6,12.28,26.42,0.0,2,1,1.1,1.4,1.0,1.2,23.7,17.6,11.6,13.0,35.5,16.6,20.9,15.5,110.3,92.0,51.6,79.2,111.5,41.6,78.8,30.9,133.5,32.1,78.8,44.8,90.0,89.4,40.6,64.8,1
4,0,1,2.0,3.81,9.1,9.19,19.87,5.3,1.0,0.5,1.25,1.65,5.5,3.7,7.78,5.0,2,1,1.1,1.4,1.0,1.2,23.7,17.6,11.6,13.0,35.5,16.6,20.9,15.5,110.3,92.0,51.6,79.2,111.5,41.6,78.8,30.9,133.5,32.1,78.8,44.8,90.0,89.4,40.6,64.8,2
2,1,0,3.2,2.65,18.09,5.3,3.0,16.52,2.7,2.2,3.4,3.28,20.4,21.04,8.46,3.2,2,1,1.1,1.4,1.0,1.2,23.7,17.6,11.6,13.0,35.5,16.6,20.9,15.5,110.3,92.0,51.6,79.2,111.5,41.6,78.8,30.9,133.5,32.1,78.8,44.8,90.0,89.4,40.6,64.8,5
1,1,0,4.7,2.13,20.68,0.0,0.62,19.45,4.3,3.8,5.5,3.07,22.25,30.7,0.0,0.0,2,1,1.1,1.4,1.0,1.2,23.7,17.6,11.6,13.0,35.5,16.6,20.9,15.5,110.3,92.0,51.6,79.2,111.5,41.6,78.8,30.9,133.5,32.1,78.8,44.8,90.0,89.4,40.6,64.8,2
4,0,1,2.2,3.91,11.34,5.26,22.59,7.45,1.7,1.2,1.8,5.18,4.8,10.04,5.48,36.4,2,1,1.1,1.4,1.0,1.2,23.7,17.6,11.6,13.0,35.5,16.6,20.9,15.5,110.3,92.0,51.6,79.2,111.5,41.6,78.8,30.9,133.5,32.1,78.8,44.8,90.0,89.4,40.6,64.8,5
2,1,0,3.3,2.83,23.0,4.67,0.67,19.0,3.3,2.8,3.33,2.83,19.0,23.0,4.67,0.67,2,1,1.1,1.4,1.0,1.2,23.7,17.6,11.6,13.0,35.5,16.6,20.9,15.5,110.3,92.0,51.6,79.2,111.5,41.6,78.8,30.9,133.5,32.1,78.8,44.8,90.0,89.4,40.6,64.8,2
3,0,1,2.0,1.25,5.97,2.8,3.33,7.17,2.0,1.5,1.8,0.88,5.4,3.84,2.68,2.0,2,1,1.1,1.4,1.0,1.2,23.7,17.6,11.6,13.0,35.5,16.6,20.9,15.5,110.3,92.0,51.6,79.2,111.5,41.6,78.8,30.9,133.5,32.1,78.8,44.8,90.0,89.4,40.6,64.8,13
2,1,0,2.7,3.23,18.07,4.45,9.8,14.67,0.5,0.5,1.0,0.25,3.0,2.5,0.2,0.0,4,1,1.8,1.3,2.4,1.0,22.0,16.1,21.4,14.0,29.3,17.9,30.3,21.1,107.5,124.9,94.3,132.8,85.7,27.2,114.7,32.8,100.8,26.3,95.8,45.6,83.9,91.6,86.2,97.8,2
2,1,0,2.2,3.96,13.72,18.58,7.23,12.73,3.5,3.5,3.2,4.64,14.4,15.64,23.82,6.8,4,1,1.8,1.3,2.4,1.0,22.0,16.1,21.4,14.0,29.3,17.9,30.3,21.1,107.5,124.9,94.3,132.8,85.7,27.2,114.7,32.8,100.8,26.3,95.8,45.6,83.9,91.6,86.2,97.8,2
2,1,0,2.4,2.42,20.99,1.1,1.97,15.41,3.5,3.5,3.2,2.48,18.0,20.24,2.44,1.8,4,1,1.8,1.3,2.4,1.0,22.0,16.1,21.4,14.0,29.3,17.9,30.3,21.1,107.5,124.9,94.3,132.8,85.7,27.2,114.7,32.8,100.8,26.3,95.8,45.6,83.9,91.6,86.2,97.8,0
4,0,1,4.9,7.39,23.92,10.46,39.61,17.84,6.5,6.5,3.6,7.06,13.0,17.8,13.78,39.2,4,1,1.8,1.3,2.4,1.0,22.0,16.1,21.4,14.0,29.3,17.9,30.3,21.1,107.5,124.9,94.3,132.8,85.7,27.2,114.7,32.8,100.8,26.3,95.8,45.6,83.9,91.6,86.2,97.8,13
4,0,1,2.7,4.56,8.43,12.4,24.6,6.85,0.5,0.5,3.5,6.12,11.75,12.3,14.88,33.75,4,1,1.8,1.3,2.4,1.0,22.0,16.1,21.4,14.0,29.3,17.9,30.3,21.1,107.5,124.9,94.3,132.8,85.7,27.2,114.7,32.8,100.8,26.3,95.8,45.6,83.9,91.6,86.2,97.8,2
1,1,0,3.6,2.39,23.44,0.48,0.0,17.67,4.0,4.0,5.8,2.7,21.2,25.24,2.0,0.0,4,1,1.8,1.3,2.4,1.0,22.0,16.1,21.4,14.0,29.3,17.9,30.3,21.1,107.5,124.9,94.3,132.8,85.7,27.2,114.7,32.8,100.8,26.3,95.8,45.6,83.9,91.6,86.2,97.8,2
3,0,1,3.2,5.49,15.16,16.34,23.24,12.36,5.5,5.5,5.5,6.5,20.0,26.3,14.25,24.5,4,1,1.8,1.3,2.4,1.0,22.0,16.1,21.4,14.0,29.3,17.9,30.3,21.1,107.5,124.9,94.3,132.8,85.7,27.2,114.7,32.8,100.8,26.3,95.8,45.6,83.9,91.6,86.2,97.8,2
3,0,1,3.2,6.07,21.94,25.62,13.0,15.77,2.5,2.5,3.0,6.04,18.0,22.36,24.9,12.8,4,1,1.8,1.3,2.4,1.0,22.0,16.1,21.4,14.0,29.3,17.9,30.3,21.1,107.5,124.9,94.3,132.8,85.7,27.2,114.7,32.8,100.8,26.3,95.8,45.6,83.9,91.6,86.2,97.8,9
3,0,1,1.6,1.93,10.38,7.07,1.78,8.96,0.5,0.5,1.0,1.23,5.0,4.6,7.5,0.0,4,1,1.8,1.3,2.4,1.0,22.0,16.1,21.4,14.0,29.3,17.9,30.3,21.1,107.5,124.9,94.3,132.8,85.7,27.2,114.7,32.8,100.8,26.3,95.8,45.6,83.9,91.6,86.2,97.8,3
2,1,0,1.3,2.52,11.8,9.57,3.67,10.17,1.0,1.0,1.0,1.1,4.0,2.7,6.65,2.0,4,1,1.8,1.3,2.4,1.0,22.0,16.1,21.4,14.0,29.3,17.9,30.3,21.1,107.5,124.9,94.3,132.8,85.7,27.2,114.7,32.8,100.8,26.3,95.8,45.6,83.9,91.6,86.2,97.8,2
3,0,1,2.0,2.17,7.8,3.43,11.0,7.0,0.5,0.5,2.0,2.17,7.0,7.8,3.43,11.0,4,1,1.8,1.3,2.4,1.0,22.0,16.1,21.4,14.0,29.3,17.9,30.3,21.1,107.5,124.9,94.3,132.8,85.7,27.2,114.7,32.8,100.8,26.3,95.8,45.6,83.9,91.6,86.2,97.8,6
2,1,0,1.7,2.84,15.0,10.15,3.45,10.82,4.5,5.0,2.5,3.5,13.5,15.35,13.75,6.0,2,0,1.2,1.9,0.4,1.8,26.6,16.1,28.2,18.2,47.1,19.0,38.8,13.5,136.8,99.5,128.4,65.6,143.9,47.8,127.5,41.9,191.5,43.0,132.6,27.8,105.6,82.6,106.8,75.6,1
2,1,0,2.2,2.41,19.68,1.23,3.17,15.92,7.0,7.5,3.4,2.56,17.8,18.8,1.22,5.6,2,0,1.2,1.9,0.4,1.8,26.6,16.1,28.2,18.2,47.1,19.0,38.8,13.5,136.8,99.5,128.4,65.6,143.9,47.8,127.5,41.9,191.5,43.0,132.6,27.8,105.6,82.6,106.8,75.6,1
2,1,0,3.7,4.82,21.95,17.65,8.54,19.23,5.5,6.0,4.0,4.18,13.6,19.12,15.18,7.6,2,0,1.2,1.9,0.4,1.8,26.6,16.1,28.2,18.2,47.1,19.0,38.8,13.5,136.8,99.5,128.4,65.6,143.9,47.8,127.5,41.9,191.5,43.0,132.6,27.8,105.6,82.6,106.8,75.6,1
4,0,1,5.0,7.44,25.85,13.57,35.0,17.91,3.5,4.0,3.5,5.95,10.0,18.7,3.7,37.0,2,0,1.2,1.9,0.4,1.8,26.6,16.1,28.2,18.2,47.1,19.0,38.8,13.5,136.8,99.5,128.4,65.6,143.9,47.8,127.5,41.9,191.5,43.0,132.6,27.8,105.6,82.6,106.8,75.6,7
1,1,0,4.5,2.97,29.69,0.0,0.0,20.21,6.0,6.5,5.25,3.18,21.75,31.75,0.0,0.0,2,0,1.2,1.9,0.4,1.8,26.6,16.1,28.2,18.2,47.1,19.0,38.8,13.5,136.8,99.5,128.4,65.6,143.9,47.8,127.5,41.9,191.5,43.0,132.6,27.8,105.6,82.6,106.8,75.6,1
3,0,1,5.7,8.98,28.37,20.62,41.09,18.61,4.0,4.5,4.0,7.2,16.5,24.2,21.6,26.0,2,0,1.2,1.9,0.4,1.8,26.6,16.1,28.2,18.2,47.1,19.0,38.8,13.5,136.8,99.5,128.4,65.6,143.9,47.8,127.5,41.9,191.5,43.0,132.6,27.8,105.6,82.6,106.8,75.6,6
3,0,1,2.8,4.91,13.76,13.0,22.43,9.11,1.5,2.0,2.0,4.1,7.5,7.9,8.7,24.25,2,0,1.2,1.9,0.4,1.8,26.6,16.1,28.2,18.2,47.1,19.0,38.8,13.5,136.8,99.5,128.4,65.6,143.9,47.8,127.5,41.9,191.5,43.0,132.6,27.8,105.6,82.6,106.8,75.6,2
3,0,1,2.8,3.9,10.33,13.55,15.21,10.05,2.0,2.5,3.0,1.88,8.75,3.85,8.35,6.75,2,0,1.2,1.9,0.4,1.8,26.6,16.1,28.2,18.2,47.1,19.0,38.8,13.5,136.8,99.5,128.4,65.6,143.9,47.8,127.5,41.9,191.5,43.0,132.6,27.8,105.6,82.6,106.8,75.6,1
3,0,1,2.5,3.05,12.16,10.75,7.59,13.55,2.5,3.0,2.5,2.95,13.0,12.4,17.35,0.0,2,0,1.2,1.9,0.4,1.8,26.6,16.1,28.2,18.2,47.1,19.0,38.8,13.5,136.8,99.5,128.4,65.6,143.9,47.8,127.5,41.9,191.5,43.0,132.6,27.8,105.6,82.6,106.8,75.6,2
3,0,1,1.9,2.38,15.28,5.54,2.88,8.69,2.5,3.0,2.25,2.38,12.25,20.75,0.85,1.75,2,0,1.2,1.9,0.4,1.8,26.6,16.1,28.2,18.2,47.1,19.0,38.8,13.5,136.8,99.5,128.4,65.6,143.9,47.8,127.5,41.9,191.5,43.0,132.6,27.8,105.6,82.6,106.8,75.6,2
3,0,1,1.4,2.97,9.27,15.03,5.43,7.14,2.0,2.5,1.2,4.4,10.2,13.08,24.86,6.0,2,0,1.2,1.9,0.4,1.8,26.6,16.1,28.2,18.2,47.1,19.0,38.8,13.5,136.8,99.5,128.4,65.6,143.9,47.8,127.5,41.9,191.5,43.0,132.6,27.8,105.6,82.6,106.8,75.6,2
3,0,1,4.9,5.81,19.74,18.31,20.14,15.29,6.0,6.5,4.4,4.4,13.2,16.64,16.84,10.6,2,0,1.2,1.9,0.4,1.8,26.6,16.1,28.2,18.2,47.1,19.0,38.8,13.5,136.8,99.5,128.4,65.6,143.9,47.8,127.5,41.9,191.5,43.0,132.6,27.8,105.6,82.6,106.8,75.6,1
2,1,0,3.1,2.88,16.4,8.74,3.53,13.21,5.0,5.0,4.0,3.34,15.2,16.84,11.4,5.0,2,1,2.3,0.7,1.8,1.2,17.2,9.0,24.6,16.4,23.7,15.4,27.8,14.2,81.5,107.9,114.8,113.7,72.8,28.0,67.2,19.0,83.6,18.3,95.6,9.6,66.1,76.0,86.8,90.8,1
2,1,0,2.1,2.67,13.12,11.61,1.9,14.19,4.0,4.0,3.75,2.05,16.75,13.25,7.4,0.0,2,1,2.3,0.7,1.8,1.2,17.2,9.0,24.6,16.4,23.7,15.4,27.8,14.2,81.5,107.9,114.8,113.7,72.8,28.0,67.2,19.0,83.6,18.3,95.6,9.6,66.1,76.0,86.8,90.8,1
2,1,0,2.8,1.92,15.97,1.22,2.04,15.25,0.5,0.5,2.25,1.65,11.75,11.65,0.1,4.75,2,1,2.3,0.7,1.8,1.2,17.2,9.0,24.6,16.4,23.7,15.4,27.8,14.2,81.5,107.9,114.8,113.7,72.8,28.0,67.2,19.0,83.6,18.3,95.6,9.6,66.1,76.0,86.8,90.8,0
4,0,1,3.7,6.44,18.91,13.78,31.65,13.55,2.0,2.0,3.8,4.66,12.6,14.56,10.44,21.4,2,1,2.3,0.7,1.8,1.2,17.2,9.0,24.6,16.4,23.7,15.4,27.8,14.2,81.5,107.9,114.8,113.7,72.8,28.0,67.2,19.0,83.6,18.3,95.6,9.6,66.1,76.0,86.8,90.8,2
1,1,0,3.7,2.41,23.17,0.33,0.55,18.23,2.5,2.5,3.0,1.96,15.6,19.44,0.0,0.0,2,1,2.3,0.7,1.8,1.2,17.2,9.0,24.6,16.4,23.7,15.4,27.8,14.2,81.5,107.9,114.8,113.7,72.8,28.0,67.2,19.0,83.6,18.3,95.6,9.6,66.1,76.0,86.8,90.8,2
3,0,1,3.2,5.12,15.69,16.22,19.4,13.07,2.0,2.0,2.6,5.08,9.4,11.52,16.0,23.4,2,1,2.3,0.7,1.8,1.2,17.2,9.0,24.6,16.4,23.7,15.4,27.8,14.2,81.5,107.9,114.8,113.7,72.8,28.0,67.2,19.0,83.6,18.3,95.6,9.6,66.1,76.0,86.8,90.8,1
3,0,1,2.2,3.28,9.28,10.65,12.92,7.29,1.5,1.5,2.0,2.47,7.0,4.4,7.8,12.5,2,1,2.3,0.7,1.8,1.2,17.2,9.0,24.6,16.4,23.7,15.4,27.8,14.2,81.5,107.9,114.8,113.7,72.8,28.0,67.2,19.0,83.6,18.3,95.6,9.6,66.1,76.0,86.8,90.8,2
3,0,1,2.3,3.23,11.58,11.73,8.96,8.43,2.0,2.0,2.2,4.34,8.4,14.0,18.5,10.8,2,1,2.3,0.7,1.8,1.2,17.2,9.0,24.6,16.4,23.7,15.4,27.8,14.2,81.5,107.9,114.8,113.7,72.8,28.0,67.2,19.0,83.6,18.3,95.6,9.6,66.1,76.0,86.8,90.8,2
3,0,1,2.6,3.12,16.49,10.74,3.92,13.04,2.5,2.5,2.2,3.26,9.8,12.6,17.7,2.2,2,1,2.3,0.7,1.8,1.2,17.2,9.0,24.6,16.4,23.7,15.4,27.8,14.2,81.5,107.9,114.8,113.7,72.8,28.0,67.2,19.0,83.6,18.3,95.6,9.6,66.1,76.0,86.8,90.8,2
2,1,0,2.2,2.98,18.71,1.52,9.55,12.05,5.5,5.5,4.0,5.57,14.33,30.93,5.13,19.67,2,1,2.3,0.7,1.8,1.2,17.2,9.0,24.6,16.4,23.7,15.4,27.8,14.2,81.5,107.9,114.8,113.7,72.8,28.0,67.2,19.0,83.6,18.3,95.6,9.6,66.1,76.0,86.8,90.8,0
3,0,1,3.9,5.27,15.25,12.78,24.62,10.38,2.0,2.0,5.2,5.48,12.6,21.24,8.36,25.0,2,1,2.3,0.7,1.8,1.2,17.2,9.0,24.6,16.4,23.7,15.4,27.8,14.2,81.5,107.9,114.8,113.7,72.8,28.0,67.2,19.0,83.6,18.3,95.6,9.6,66.1,76.0,86.8,90.8,2
2,1,0,2.6,3.84,18.28,13.87,6.16,13.96,1.0,0.0,1.2,3.34,11.4,14.12,17.84,1.4,2,0,0.9,1.6,0.6,2.0,27.2,20.4,29.0,29.0,42.4,18.2,35.9,22.5,133.9,99.2,133.6,115.8,127.2,45.1,105.4,63.4,163.8,37.9,122.0,45.2,105.0,95.7,104.8,119.4,1
2,1,0,2.7,3.05,16.68,11.36,2.36,14.91,1.0,0.0,1.0,0.9,5.0,7.2,1.35,0.0,2,0,0.9,1.6,0.6,2.0,27.2,20.4,29.0,29.0,42.4,18.2,35.9,22.5,133.9,99.2,133.6,115.8,127.2,45.1,105.4,63.4,163.8,37.9,122.0,45.2,105.0,95.7,104.8,119.4,1
2,1,0,2.2,2.86,20.2,1.24,7.16,13.12,1.0,0.0,2.4,4.0,14.4,26.88,2.28,10.8,2,0,0.9,1.6,0.6,2.0,27.2,20.4,29.0,29.0,42.4,18.2,35.9,22.5,133.9,99.2,133.6,115.8,127.2,45.1,105.4,63.4,163.8,37.9,122.0,45.2,105.0,95.7,104.8,119.4,1
1,1,0,3.5,2.19,21.83,0.0,0.0,17.11,2.0,1.0,2.0,1.86,13.2,18.4,0.0,0.0,2,0,0.9,1.6,0.6,2.0,27.2,20.4,29.0,29.0,42.4,18.2,35.9,22.5,133.9,99.2,133.6,115.8,127.2,45.1,105.4,63.4,163.8,37.9,122.0,45.2,105.0,95.7,104.8,119.4,2
3,0,1,2.8,6.14,12.98,13.31,35.24,6.12,1.5,0.5,3.4,6.56,6.4,17.92,20.34,27.6,2,0,0.9,1.6,0.6,2.0,27.2,20.4,29.0,29.0,42.4,18.2,35.9,22.5,133.9,99.2,133.6,115.8,127.2,45.1,105.4,63.4,163.8,37.9,122.0,45.2,105.0,95.7,104.8,119.4,12
3,0,1,2.2,4.24,9.88,20.8,11.76,10.86,1.0,0.0,1.0,1.5,3.5,1.9,7.05,6.0,2,0,0.9,1.6,0.6,2.0,27.2,20.4,29.0,29.0,42.4,18.2,35.9,22.5,133.9,99.2,133.6,115.8,127.2,45.1,105.4,63.4,163.8,37.9,122.0,45.2,105.0,95.7,104.8,119.4,1
3,0,1,2.3,3.3,18.17,7.97,6.84,15.42,2.5,1.5,2.6,4.36,16.4,23.0,9.5,11.2,2,0,0.9,1.6,0.6,2.0,27.2,20.4,29.0,29.0,42.4,18.2,35.9,22.5,133.9,99.2,133.6,115.8,127.2,45.1,105.4,63.4,163.8,37.9,122.0,45.2,105.0,95.7,104.8,119.4,1
3,0,1,2.6,3.47,11.01,10.91,12.75,9.54,1.5,0.5,3.8,4.98,15.0,18.56,12.86,18.4,2,0,0.9,1.6,0.6,2.0,27.2,20.4,29.0,29.0,42.4,18.2,35.9,22.5,133.9,99.2,133.6,115.8,127.2,45.1,105.4,63.4,163.8,37.9,122.0,45.2,105.0,95.7,104.8,119.4,2
3,0,1,1.3,2.43,12.03,2.65,9.5,6.83,1.0,0.0,1.0,1.38,5.75,8.8,0.75,4.0,2,0,0.9,1.6,0.6,2.0,27.2,20.4,29.0,29.0,42.4,18.2,35.9,22.5,133.9,99.2,133.6,115.8,127.2,45.1,105.4,63.4,163.8,37.9,122.0,45.2,105.0,95.7,104.8,119.4,7
3,0,1,2.8,5.17,16.43,13.32,21.83,13.17,2.0,1.0,3.2,6.16,15.4,19.48,15.88,26.2,2,0,0.9,1.6,0.6,2.0,27.2,20.4,29.0,29.0,42.4,18.2,35.9,22.5,133.9,99.2,133.6,115.8,127.2,45.1,105.4,63.4,163.8,37.9,122.0,45.2,105.0,95.7,104.8,119.4,9
2,1,0,4.7,4.86,16.96,9.22,22.34,16.21,9.0,10.0,9.2,7.06,30.4,30.32,17.04,23.2,3,0,0.8,1.8,0.2,1.6,26.9,23.5,26.2,36.6,44.0,19.7,39.2,23.5,138.5,105.0,129.2,120.6,125.4,48.6,110.0,57.4,176.4,43.5,154.0,56.2,107.0,103.4,100.2,136.6,6
2,1,0,3.1,3.76,16.16,11.8,9.57,15.04,7.0,8.0,6.67,3.67,25.33,18.4,16.17,2.0,3,0,0.8,1.8,0.2,1.6,26.9,23.5,26.2,36.6,44.0,19.7,39.2,23.5,138.5,105.0,129.2,120.6,125.4,48.6,110.0,57.4,176.4,43.5,154.0,56.2,107.0,103.4,100.2,136.6,12
2,1,0,3.1,1.71,14.91,2.19,0.0,17.23,6.0,7.0,5.0,1.84,21.0,15.48,2.78,0.0,3,0,0.8,1.8,0.2,1.6,26.9,23.5,26.2,36.6,44.0,19.7,39.2,23.5,138.5,105.0,129.2,120.6,125.4,48.6,110.0,57.4,176.4,43.5,154.0,56.2,107.0,103.4,100.2,136.6,7
2,1,0,4.9,3.11,23.29,4.01,3.6,21.8,6.5,7.5,5.4,2.6,21.6,20.68,0.66,4.6,3,0,0.8,1.8,0.2,1.6,26.9,23.5,26.2,36.6,44.0,19.7,39.2,23.5,138.5,105.0,129.2,120.6,125.4,48.6,110.0,57.4,176.4,43.5,154.0,56.2,107.0,103.4,100.2,136.6,6
2,1,0,3.2,3.56,19.78,5.31,10.48,15.93,6.5,7.5,6.6,3.42,27.2,25.36,4.48,4.2,3,0,0.8,1.8,0.2,1.6,26.9,23.5,26.2,36.6,44.0,19.7,39.2,23.5,138.5,105.0,129.2,120.6,125.4,48.6,110.0,57.4,176.4,43.5,154.0,56.2,107.0,103.4,100.2,136.6,6
4,0,1,5.3,9.25,25.98,18.97,47.77,18.81,8.5,9.5,6.2,9.62,22.4,30.4,15.86,49.6,3,0,0.8,1.8,0.2,1.6,26.9,23.5,26.2,36.6,44.0,19.7,39.2,23.5,138.5,105.0,129.2,120.6,125.4,48.6,110.0,57.4,176.4,43.5,154.0,56.2,107.0,103.4,100.2,136.6,2
4,0,1,3.4,6.8,15.09,14.64,38.19,11.22,2.0,3.0,6.8,9.14,25.4,30.84,17.86,42.6,3,0,0.8,1.8,0.2,1.6,26.9,23.5,26.2,36.6,44.0,19.7,39.2,23.5,138.5,105.0,129.2,120.6,125.4,48.6,110.0,57.4,176.4,43.5,154.0,56.2,107.0,103.4,100.2,136.6,1
1,1,0,4.1,2.11,21.01,0.0,0.0,18.13,6.0,7.0,5.4,1.56,22.4,15.52,0.0,0.0,3,0,0.8,1.8,0.2,1.6,26.9,23.5,26.2,36.6,44.0,19.7,39.2,23.5,138.5,105.0,129.2,120.6,125.4,48.6,110.0,57.4,176.4,43.5,154.0,56.2,107.0,103.4,100.2,136.6,6
3,0,1,2.5,3.11,13.43,10.25,7.48,12.48,2.5,3.5,2.6,2.7,12.0,11.6,9.16,7.0,3,0,0.8,1.8,0.2,1.6,26.9,23.5,26.2,36.6,44.0,19.7,39.2,23.5,138.5,105.0,129.2,120.6,125.4,48.6,110.0,57.4,176.4,43.5,154.0,56.2,107.0,103.4,100.2,136.6,2
3,0,1,3.2,5.78,20.3,33.5,3.9,16.94,2.0,3.0,2.4,4.4,13.0,11.96,29.52,2.4,3,0,0.8,1.8,0.2,1.6,26.9,23.5,26.2,36.6,44.0,19.7,39.2,23.5,138.5,105.0,129.2,120.6,125.4,48.6,110.0,57.4,176.4,43.5,154.0,56.2,107.0,103.4,100.2,136.6,3
3,0,1,2.4,2.46,13.61,4.15,6.84,10.97,2.0,3.0,2.0,1.62,6.2,6.44,6.68,3.2,3,0,0.8,1.8,0.2,1.6,26.9,23.5,26.2,36.6,44.0,19.7,39.2,23.5,138.5,105.0,129.2,120.6,125.4,48.6,110.0,57.4,176.4,43.5,154.0,56.2,107.0,103.4,100.2,136.6,10
